{"cameraMode":{"drawMode":0,"name":"Shaded","section":"Shading Mode"},"sceneLighting":true,"audioPlay":false,"sceneViewState":{"m_AlwaysRefresh":false,"showFog":true,"showSkybox":true,"showFlares":true,"showImageEffects":true,"showParticleSystems":true,"showVisualEffectGraphs":true,"m_FxEnabled":true},"in2DMode":false,"pivot":{"x":-14.538389205932618,"y":8.014969825744629,"z":3.17584228515625},"rotation":{"x":0.11628232896327973,"y":-0.8825549483299255,"z":0.28884243965148928,"w":0.35269594192504885},"size":1.5758366584777833,"orthographic":false}