{"cameraMode":{"drawMode":0,"name":"Shaded","section":"Shading Mode"},"sceneLighting":false,"audioPlay":false,"sceneViewState":{"m_AlwaysRefresh":false,"showFog":true,"showSkybox":false,"showFlares":true,"showImageEffects":true,"showParticleSystems":true,"showVisualEffectGraphs":true,"m_FxEnabled":true},"in2DMode":false,"pivot":{"x":14.051942825317383,"y":-3.094496726989746,"z":-0.011744678020477295},"rotation":{"x":-0.14494088292121888,"y":0.8145368695259094,"z":-0.23016437888145448,"w":-0.5125131011009216},"size":0.9049965143203735,"orthographic":false}